{"cameraMode":{"drawMode":0,"name":"Shaded","section":"Shading Mode"},"sceneLighting":false,"audioPlay":false,"sceneViewState":{"m_AlwaysRefresh":false,"showFog":true,"showSkybox":false,"showFlares":true,"showImageEffects":true,"showParticleSystems":true,"showVisualEffectGraphs":true,"m_FxEnabled":true},"in2DMode":false,"pivot":{"x":-0.07671128213405609,"y":0.4099002480506897,"z":0.34960100054740908},"rotation":{"x":-0.03319374844431877,"y":0.9145875573158264,"z":-0.3956716060638428,"w":-0.07672972232103348},"size":0.3464101552963257,"orthographic":false}