{"cameraMode":{"drawMode":0,"name":"Shaded","section":"Shading Mode"},"sceneLighting":true,"audioPlay":false,"sceneViewState":{"m_AlwaysRefresh":false,"showFog":true,"showSkybox":true,"showFlares":true,"showImageEffects":true,"showParticleSystems":true,"showVisualEffectGraphs":true,"m_FxEnabled":true},"in2DMode":false,"pivot":{"x":149.1470489501953,"y":116.41765594482422,"z":43.891082763671878},"rotation":{"x":0.23642748594284059,"y":-0.11163277179002762,"z":0.027354134246706964,"w":0.9648305773735046},"size":103.29556274414063,"orthographic":false}