{"cameraMode":{"drawMode":0,"name":"Shaded","section":"Shading Mode"},"sceneLighting":false,"audioPlay":false,"sceneViewState":{"m_AlwaysRefresh":false,"showFog":true,"showSkybox":false,"showFlares":true,"showImageEffects":true,"showParticleSystems":true,"showVisualEffectGraphs":true,"m_FxEnabled":true},"in2DMode":false,"pivot":{"x":-0.31406137347221377,"y":-0.25161632895469668,"z":0.07664750516414643},"rotation":{"x":-0.3558666706085205,"y":0.5345879793167114,"z":-0.26439210772514346,"w":-0.7195057272911072},"size":0.3464101552963257,"orthographic":false}