{"cameraMode":{"drawMode":0,"name":"Shaded","section":"Shading Mode"},"sceneLighting":false,"audioPlay":false,"sceneViewState":{"m_AlwaysRefresh":false,"showFog":true,"showSkybox":false,"showFlares":true,"showImageEffects":true,"showParticleSystems":true,"showVisualEffectGraphs":true,"m_FxEnabled":true},"in2DMode":false,"pivot":{"x":0.12676647305488587,"y":0.466230183839798,"z":-0.07034008204936981},"rotation":{"x":-0.36223363876342776,"y":0.5908799171447754,"z":-0.33541807532310488,"w":-0.6380909085273743},"size":0.3464101552963257,"orthographic":false}